trade_id,strategy,regime,ticker,date,side,entry_price,exit_price,entry_time,exit_time,pnl_pct,pnl_dollars,gross_pnl_pct,total_costs,exit_reason,bars_held
1,VWAPMagnet,MIXED,NVDA,2026-01-06,short,191.24,191.88,2026-01-06T14:49:00+00:00,2026-01-06T14:51:00+00:00,-0.34,-34.44,-0.33,0,trailing_stop,0
2,VWAPMagnet,MIXED,NVDA,2026-01-06,short,191.63,191.63,2026-01-06T15:13:00+00:00,2026-01-06T15:25:00+00:00,-0.01,-1.23,0,0,trailing_stop,0
3,VWAPMagnet,MIXED,NVDA,2026-01-06,long,189.97,189.53,2026-01-06T15:46:00+00:00,2026-01-06T15:52:00+00:00,-0.24,-24.4,-0.23,0,trailing_stop,0
4,VWAPMagnet,MIXED,NVDA,2026-01-07,short,188.88,189.65,2026-01-07T14:52:00+00:00,2026-01-07T14:55:00+00:00,-0.42,-42.01,-0.41,0,trailing_stop,0
5,VWAPMagnet,MIXED,NVDA,2026-01-07,short,190.96,191.0,2026-01-07T15:07:00+00:00,2026-01-07T15:22:00+00:00,-0.03,-3.33,-0.02,0,trailing_stop,0
6,VWAPMagnet,MIXED,NVDA,2026-01-07,short,191.0,189.03,2026-01-07T15:22:00+00:00,2026-01-07T15:38:00+00:00,1.02,101.91,1.03,0,trailing_stop,0
7,VWAPMagnet,MIXED,NVDA,2026-01-08,long,186.76,186.07,2026-01-08T14:49:00+00:00,2026-01-08T14:51:00+00:00,-0.38,-38.46,-0.37,0,trailing_stop,0
8,VWAPMagnet,MIXED,NVDA,2026-01-08,long,185.56,185.66,2026-01-08T15:04:00+00:00,2026-01-08T15:21:00+00:00,0.04,4.41,0.06,0,trailing_stop,0
9,VWAPMagnet,MIXED,NVDA,2026-01-08,long,185.66,185.84,2026-01-08T15:21:00+00:00,2026-01-08T15:36:00+00:00,0.08,8.45,0.1,0,trailing_stop,0
10,VWAPMagnet,MIXED,NVDA,2026-01-12,long,183.87,184.77,2026-01-12T15:36:00+00:00,2026-01-12T16:14:00+00:00,0.48,47.69,0.49,0,take_profit,0
11,VWAPMagnet,MIXED,NVDA,2026-01-12,short,185.41,185.84,2026-01-12T16:53:00+00:00,2026-01-12T17:11:00+00:00,-0.24,-24.44,-0.23,0,trailing_stop,0
12,VWAPMagnet,MIXED,NVDA,2026-01-12,short,185.84,186.6,2026-01-12T17:11:00+00:00,2026-01-12T17:22:00+00:00,-0.42,-42.41,-0.41,0,trailing_stop,0
13,VWAPMagnet,MIXED,NVDA,2026-01-13,long,183.54,184.32,2026-01-13T15:41:00+00:00,2026-01-13T15:46:00+00:00,0.41,40.97,0.42,0,take_profit,0
14,VWAPMagnet,MIXED,NVDA,2026-01-13,short,185.03,185.54,2026-01-13T16:11:00+00:00,2026-01-13T16:19:00+00:00,-0.29,-28.54,-0.27,0,trailing_stop,0
15,VWAPMagnet,MIXED,NVDA,2026-01-13,short,185.55,185.32,2026-01-13T16:26:00+00:00,2026-01-13T16:27:00+00:00,0.11,11.15,0.12,0,take_profit,0
16,VWAPMagnet,MIXED,NVDA,2026-01-14,long,182.15,181.58,2026-01-14T14:53:00+00:00,2026-01-14T14:58:00+00:00,-0.32,-32.28,-0.31,0,trailing_stop,0
17,VWAPMagnet,MIXED,NVDA,2026-01-14,long,181.16,181.83,2026-01-14T15:08:00+00:00,2026-01-14T15:28:00+00:00,0.36,35.72,0.37,0,trailing_stop,0
18,VWAPMagnet,MIXED,NVDA,2026-01-14,long,181.68,182.35,2026-01-14T15:29:00+00:00,2026-01-14T15:38:00+00:00,0.36,35.89,0.37,0,take_profit,0
19,VWAPMagnet,MIXED,NVDA,2026-01-15,short,188.54,188.38,2026-01-15T14:49:00+00:00,2026-01-15T14:55:00+00:00,0.07,6.98,0.08,0,trailing_stop,0
20,VWAPMagnet,MIXED,NVDA,2026-01-15,short,188.42,188.57,2026-01-15T15:06:00+00:00,2026-01-15T15:12:00+00:00,-0.09,-9.2,-0.08,0,trailing_stop,0
21,VWAPMagnet,MIXED,NVDA,2026-01-15,long,186.93,187.65,2026-01-15T15:46:00+00:00,2026-01-15T15:57:00+00:00,0.37,37.27,0.39,0,take_profit,0
22,VWAPMagnet,MIXED,NVDA,2026-01-20,long,179.94,179.91,2026-01-20T14:49:00+00:00,2026-01-20T14:56:00+00:00,-0.03,-2.93,-0.02,0,trailing_stop,0
23,VWAPMagnet,MIXED,NVDA,2026-01-20,long,179.9,180.29,2026-01-20T15:15:00+00:00,2026-01-20T15:21:00+00:00,0.2,20.41,0.22,0,trailing_stop,0
24,VWAPMagnet,MIXED,NVDA,2026-01-20,short,181.5,181.67,2026-01-20T15:36:00+00:00,2026-01-20T15:42:00+00:00,-0.11,-10.63,-0.09,0,trailing_stop,0
25,VWAPMagnet,MIXED,NVDA,2026-01-21,short,180.28,180.8,2026-01-21T14:51:00+00:00,2026-01-21T14:55:00+00:00,-0.3,-30.39,-0.29,0,trailing_stop,0
26,VWAPMagnet,MIXED,NVDA,2026-01-21,short,180.32,180.81,2026-01-21T15:06:00+00:00,2026-01-21T15:16:00+00:00,-0.28,-28.44,-0.27,0,trailing_stop,0
27,VWAPMagnet,MIXED,NVDA,2026-01-21,short,180.66,181.15,2026-01-21T15:21:00+00:00,2026-01-21T15:34:00+00:00,-0.28,-28.39,-0.27,0,trailing_stop,0
28,VWAPMagnet,MIXED,NVDA,2026-01-22,long,184.27,185.13,2026-01-22T14:49:00+00:00,2026-01-22T14:54:00+00:00,0.45,45.42,0.47,0,take_profit,0
29,VWAPMagnet,MIXED,NVDA,2026-01-22,short,185.59,185.92,2026-01-22T16:16:00+00:00,2026-01-22T16:40:00+00:00,-0.19,-19.03,-0.18,0,trailing_stop,0
30,VWAPMagnet,MIXED,NVDA,2026-01-22,short,185.92,184.97,2026-01-22T16:40:00+00:00,2026-01-22T17:17:00+00:00,0.5,49.85,0.51,0,take_profit,0
31,VWAPMagnet,MIXED,NVDA,2026-01-26,long,187.06,187.22,2026-01-26T14:51:00+00:00,2026-01-26T15:00:00+00:00,0.07,7.31,0.09,0,trailing_stop,0
32,VWAPMagnet,MIXED,NVDA,2026-01-26,long,187.13,187.17,2026-01-26T15:09:00+00:00,2026-01-26T15:31:00+00:00,0.01,0.89,0.02,0,trailing_stop,0
33,VWAPMagnet,MIXED,NVDA,2026-01-26,long,187.01,186.43,2026-01-26T15:43:00+00:00,2026-01-26T16:00:00+00:00,-0.32,-32.26,-0.31,0,trailing_stop,0
34,VWAPMagnet,MIXED,NVDA,2026-01-27,short,187.37,188.06,2026-01-27T14:56:00+00:00,2026-01-27T15:04:00+00:00,-0.38,-38.07,-0.37,0,trailing_stop,0
35,VWAPMagnet,MIXED,NVDA,2026-01-27,short,189.01,189.45,2026-01-27T15:11:00+00:00,2026-01-27T15:17:00+00:00,-0.25,-24.52,-0.23,0,trailing_stop,0
36,VWAPMagnet,MIXED,NVDA,2026-01-27,short,188.77,189.46,2026-01-27T15:26:00+00:00,2026-01-27T15:35:00+00:00,-0.38,-37.79,-0.37,0,trailing_stop,0
